{"bio01": 103, "bio02": 78, "bio03": 38, "bio04": 4564, "bio05": 217, "bio06": 13, "bio07": 204, "bio08": 56, "bio09": 147, "bio10": 162, "bio11": 47, "bio12": 782, "bio13": 87, "bio14": 44, "bio15": 22, "bio16": 257, "bio17": 150, "bio18": 153, "bio19": 229, "coords": [-1.554099, 50.830184], "name": "pecl-fig-5"}