{"bio01": 90, "bio02": 72, "bio03": 36, "bio04": 4529, "bio05": 198, "bio06": 2, "bio07": 196, "bio08": 42, "bio09": 55, "bio10": 149, "bio11": 34, "bio12": 703, "bio13": 69, "bio14": 46, "bio15": 12, "bio16": 198, "bio17": 149, "bio18": 175, "bio19": 179, "coords": [-2.361399, 52.385976], "name": "pecl-fig-4"}