{"bio01": 104, "bio02": 77, "bio03": 37, "bio04": 4677, "bio05": 219, "bio06": 12, "bio07": 207, "bio08": 56, "bio09": 150, "bio10": 166, "bio11": 47, "bio12": 796, "bio13": 89, "bio14": 47, "bio15": 22, "bio16": 261, "bio17": 154, "bio18": 157, "bio19": 232, "coords": [-1.226506, 50.891421], "name": "pecl-fig-3"}