{"bio01": 91, "bio02": 67, "bio03": 38, "bio04": 3909, "bio05": 187, "bio06": 15, "bio07": 172, "bio08": 72, "bio09": 104, "bio10": 143, "bio11": 45, "bio12": 1017, "bio13": 104, "bio14": 66, "bio15": 17, "bio16": 303, "bio17": 202, "bio18": 239, "bio19": 275, "coords": [-5.829883, 54.248818], "name": "pecl-fig-0"}