{"bio01": 107, "bio02": 56, "bio03": 32, "bio04": 4356, "bio05": 201, "bio06": 26, "bio07": 175, "bio08": 85, "bio09": 124, "bio10": 164, "bio11": 53, "bio12": 1041, "bio13": 120, "bio14": 59, "bio15": 26, "bio16": 350, "bio17": 185, "bio18": 214, "bio19": 302, "coords": [-4.247973, 51.627768], "name": "pecl-fig-1"}