{"bio01": 101, "bio02": 69, "bio03": 34, "bio04": 4787, "bio05": 213, "bio06": 12, "bio07": 201, "bio08": 110, "bio09": 63, "bio10": 164, "bio11": 43, "bio12": 615, "bio13": 67, "bio14": 38, "bio15": 17, "bio16": 189, "bio17": 127, "bio18": 143, "bio19": 152, "coords": [1.005961, 51.331986], "name": "pecl-fig-7"}