{"bio01": 94, "bio02": 76, "bio03": 36, "bio04": 4708, "bio05": 210, "bio06": 2, "bio07": 208, "bio08": 45, "bio09": 58, "bio10": 156, "bio11": 36, "bio12": 631, "bio13": 61, "bio14": 41, "bio15": 10, "bio16": 172, "bio17": 134, "bio18": 166, "bio19": 156, "coords": [-1.420833, 52.403092], "name": "pecl-fig-9"}