{"bio01": 97, "bio02": 58, "bio03": 35, "bio04": 3878, "bio05": 183, "bio06": 19, "bio07": 164, "bio08": 79, "bio09": 112, "bio10": 147, "bio11": 49, "bio12": 1015, "bio13": 115, "bio14": 62, "bio15": 23, "bio16": 337, "bio17": 192, "bio18": 222, "bio19": 274, "coords": [-4.05749, 52.521469], "name": "pecl-fig-2"}