{"bio01": 97, "bio02": 77, "bio03": 35, "bio04": 4948, "bio05": 218, "bio06": 1, "bio07": 217, "bio08": 70, "bio09": 60, "bio10": 161, "bio11": 35, "bio12": 649, "bio13": 63, "bio14": 42, "bio15": 10, "bio16": 182, "bio17": 144, "bio18": 157, "bio19": 164, "coords": [-0.208709, 51.842453], "name": "pecl-fig-6"}