{"bio01": 96, "bio02": 77, "bio03": 35, "bio04": 4892, "bio05": 215, "bio06": 0, "bio07": 215, "bio08": 44, "bio09": 145, "bio10": 160, "bio11": 34, "bio12": 894, "bio13": 102, "bio14": 54, "bio15": 22, "bio16": 294, "bio17": 171, "bio18": 177, "bio19": 262, "coords": [-0.828484, 50.888106], "name": "pecl-fig-8"}